customer_name,address,phone_no
James,6649 N Blue Gum St,504-621-8927
Josephine,4 B Blue Ridge Blvd,810-292-9388
Art,8 W Cerritos Ave #54,856-636-8749
Lenna,639 Main St,907-385-4412
Donette,34 Center St,513-570-1893
Simona,3 Mcauley Dr,419-503-2484
Mitsue,7 Eads St,773-573-6914
Leota,7 W Jackson Blvd,408-752-3500
Sage,5 Boston Ave #88,605-414-2147
Kris,228 Runamuck Pl #2808,410-655-8723
Minna,2371 Jerrold Ave,215-874-1229
Abel,37275 St  Rt 17m M,631-335-3414
Kiley,25 E 75th St #69,310-498-5651
Graciela,98 Connecticut Ave Nw,440-780-8425
Cammy,56 E Morehead St,956-537-6195
Mattie,73 State Road 434 E,602-277-4385
Meaghan,69734 E Carrillo St,931-313-9635
Gladys,322 New Horizon Blvd,414-661-9598
Yuki,1 State Route 27,313-288-7937
Fletcher,394 Manchester Blvd,815-828-2147
Bette,6 S 33rd St,610-545-3615
Veronika,6 Greenleaf Ave,408-540-1785
Willard,618 W Yakima Ave,972-303-9197
Maryann,74 S Westgate St,518-966-7987
Alisha,3273 State St,732-658-3154
Allene,1 Central Ave,715-662-6764
Chanel,86 Nw 66th St #8673,913-388-2079
Ezekiel,2 Cedar Ave #84,410-669-1642
Willow,90991 Thorburn Ave,212-582-4976
Bernardo,386 9th Ave N,936-336-3951
Ammie,74874 Atlantic Ave,614-801-9788
Francine,366 South Dr,505-977-3911
Ernie,45 E Liberty St,201-709-6245
Albina,4 Ralph Ct,732-924-7882
Alishia,2742 Distribution Way,212-860-1579
Solange,426 Wolf St,504-979-9175
Jose,128 Bransten Rd,212-675-8570
Rozella,17 Morena Blvd,805-832-6163
Valentine,775 W 17th St,210-812-9597
Kati,6980 Dorsett Rd,785-463-7829
Youlanda,2881 Lewis Rd,541-548-8197
Dyan,7219 Woodfield Rd,913-413-4604
Roxane,1048 Main St,907-231-4722
Lavera,678 3rd Ave,305-606-7291
Erick,20 S Babcock St,907-741-1044
Fatima,2 Lighthouse Ave,952-768-2416
Jina,38938 Park Blvd,617-399-5124
Kanisha,5 Tomahawk Dr,323-453-2780
Emerson,762 S Main St,608-336-7444
Blair,209 Decker Dr,215-907-9111
Brock,4486 W O St #1,212-402-9216
Lorrie,39 S 7th St,931-875-6644
Sabra,98839 Hawthorne Blvd #6101,803-925-5213
Marjory,71 San Mateo Ave,610-814-5533
Karl,76 Brooks St #9,908-877-6135
Tonette,4545 Courthouse Rd,516-968-6051
Amber,14288 Foster Ave #4121,215-934-8655
Shenika,4 Otis St,818-423-4007
Delmy,65895 S 16th St,401-458-2547
Deeanna,14302 Pennsylvania Ave,215-211-9589
Blondell,201 Hawk Ct,401-960-8259
Jamal,53075 Sw 152nd Ter #615,732-234-1546
Cecily,59 N Groesbeck Hwy,512-486-3817
Carmelina,2664 Lewis Rd,303-724-7371
Maurine,59 Shady Ln #53,414-748-1374
Tawna,3305 Nabell Ave #679,212-674-9610
Penney,18 Fountain St,907-797-9628
Elly,7 W 32nd St,814-393-5571
Ilene,2853 S Central Expy,410-914-9018
Vallie,74 W College St,208-862-5339
Kallie,701 S Harrison Rd,415-315-2761
Johnetta,1088 Pinehurst St,919-225-9345
Bobbye,30 W 80th St #1995,650-528-5783
Micaela,20932 Hedley St,925-647-3298
Tamar,2737 Pistorio Rd #9230,740-343-8575
Moon,74989 Brandon St,585-866-8313
Laurel,6 Kains Ave,410-520-4832
Delisa,47565 W Grand Ave,973-354-2040
Viva,4284 Dorigo Ln,773-446-5569
Elza,6794 Lake Dr E,973-927-3447
Devorah,31 Douglas Blvd #950,505-975-8559
Timothy,44 W 4th St,718-332-6527
Arlette,11279 Loytan St,904-775-4480
Dominque,69 Marquette Ave,510-993-3758
Lettie,70 W Main St,216-657-7668
Myra,461 Prospect Pl #316,817-914-7518
Stephaine,47154 Whipple Ave Nw,310-774-7643
Lai,37 Alabama Ave,847-728-7286
Stephen,3777 E Richmond St #900,330-537-5358
Tyra,3 Fort Worth Ave,215-255-1641
Tammara,4800 Black Horse Pike,650-803-1936
Cory,83649 W Belmont Ave,626-572-1096
Danica,840 15th Ave,254-782-8569
Wilda,1747 Calle Amanecer #2,907-870-5536
Elvera,99385 Charity St #840,408-703-8505
Carma,68556 Central Hwy,510-503-7169
Malinda,55 Riverside Ave,317-722-5066
Natalie,7140 University Ave,307-704-8713
Lisha,64 5th Ave #1153,703-235-3937
